22, Doru Teodorescu,Călimănești,,351443876,dorutscu@gmail.com,dorescu
24,Florea Tudorache,Cluj-Napoca,Fagului,701777736,floreche@gmail.com,dorescu
25,Ofelia Sima,Buzau,Piersicului,217239279,drofima@gmail.com,dorescu
26,Loredana Sava,Gorj,,265569805,loredaava@gmail.com,dorescu
27,Claudiu Mocanu,,,366162798,claudianu@gmail.com,dorescu
28,Rafael Chirita,Vaslui,,276091703,rafaita@gmail.com,drnicu
29,Eric Tudor,,,727569953,erictdor@gmail.com,drnicu
30,Monica Neamtu,Bucuresti,,,monicmtu@gmail.com,drnicu
31,Suzana Gheorghe,Cazanesti,Calea Somes,,,drnicu
32,Mircea Alexa,Galati,,230360828,,drnicu
33,Nichifor Dobrescu,Zalau,Aleea Mesteacanului,746364370,,eduardiorga
34,Carmina Marcu,Fieni,,359893548,    carmircu@gmail.com,eduardiorga
35,Mugur Sabau,Slanic,Calea Vlad Tepes,,,eduardiorga
36, Zamfira Iordache,Resita,Aleea Unirii,252299363,dsoache@gmail.com,eduardiorga
37,Tudorița Pascu,,,349430943,tudoricu@gmail.com,eduardiorga
38,Eusebiu Milea,,,218738857,    dreuslea@gmail.com,sorinlan
39,Gabi Alexa,Cugir,1 Mai,270228259,,sorinlan
40,Draga Banica,Constanta,,,dragca@gmail.com,sorinlan
41,Codin Mocanu,Avrig,Splaiul Florilor,794315761,,sorinlan
42,Filip Stoian,Baraolt,B-dul Horea,,filipsian@gmail.com,sorinlan
