10,29/05/2021,15:40:00,Sala A20,Raport lunar,dorescu
11,27/05/2021,12:10:00,Sala A15,Audit,dorescu
12,03/06/2021,10:05:00,Zoom,Training,dorescu
13,25/05/2021,14:00:00,Cabinet,Intalnire cu doamna Tataru,drnicu
14,01/06/2021,14:00:00,Cabinet,Intalnire cu doamna Tataru,drnicu
15,26/05/2021,15:00:00,Zoom,Consult domnul Iordache,drnicu
16,28/05/2021,17:00:00,Zoom,Consult domnul Chivu,drnicu
17,24/05/2021,09:40:00,Google Meet,Calcul Diferential si Integral,eduardiorga
18,31/05/2021,09:40:00,Google Meet,Calcul Diferential si Integral,eduardiorga
19,24/05/2021,11:20:00,Teams,Programare 2,eduardiorga
20,31/05/2021,11:20:00,Teams,Programare 2,eduardiorga
21,02/06/2021,09:40:00,Google Meet,Aerobic,eduardiorga
22,03/06/2021,11:20:00,Teams,Algoritmi si Structuri de Date 2,eduardiorga
23,10/06/2021,11:20:00,Teams,Algoritmi si Structuri de Date 2,eduardiorga
24,04/06/2021,13:00:00,Google Meet ,Limbaje Formale si Teoria Automatelor,eduardiorga
25,07/06/2021,16:20:00,Zoom,SP,eduardiorga
26,04/06/2021,13:00:00,Google Meet,Discutie buget cu dl&dna Sava,sorinlan
27,16/06/2021,15:00:00,Restaurant Belvedere,Alegere meniu cu dl&dna Sava,sorinlan
28,10/06/2021,12:00:00,Birou,Alegere invitatii cu dna Sima,sorinlan
29,18/05/2021,16:30:00,Teams,Discutie ultimele detalii cu cu dl Teodorescu,sorinlan
