44,Raspunde la mailuri,0,dorescu
45,Schimba parolele,0,dorescu
46,Organizeaza dosarele pentru Tudorache,0,dorescu
47,Termina raportul,0,dorescu
48,Depunere declaratie A420,0,dorescu
49,Depunere declaratie 212,0,dorescu
50,Organizeaza dosarului doamnei Tataru,0,drnicu
51,Elaboreaza plan de tratament pentru dl Chivu,0,drnicu
52, Elaboreaza plan de tratament pentru doamna Marcu,0,drnicu
53,Termina raportul de progres al lui Eric,0,drnicu
54,Citeste lucrari de cercetare despre BPD,0,drnicu
55,Citeste lucrari de cercetare despre TOC,0,drnicu
57,Recapitulat pentru testul la ASD2,0,eduardiorga
58,Laboratorul 9.4 la P2,0,eduardiorga
59,Citit capitolele 2-5 din The C++ Programming Language,0,eduardiorga
60,De terminat exercitiile de la seminar 8 la LFTA,0,eduardiorga
61,De terminat proiect SP,0,eduardiorga
62,De citit capitolul 5 din The Design Manual,0,eduardiorga
63,De cautat mai multe informatii despre AVL,0,eduardiorga
64,De citit capitolul 10 din The Design Manual,0,eduardiorga
65,De citit cursul despre automate finite,0,eduardiorga
66,De facut exercitiile din semniarul 12 de la CDI,0,eduardiorga
67,Schema de asezare pentru Sima,0,sorinlan
68,Cautare restaurante pentru Teodorescu,0,sorinlan
69,Comanda aranjamente pentru Sava,0,sorinlan
70,Comanda tort pentru Neamtu,0,sorinlan
71,Gasit fotograf pentru Dobrescu,0,sorinlan
72,Comanda invitatiile personalizate pentru Tudor,0,sorinlan
